Modelo,Tarefa,Accuracy,Precision,Recall,F1-Score,MAE,RMSE,R2
Regressao Logistica,Classificacao,0.9288493607559756,0.8879159369527145,0.8879159369527145,0.8879159369527145,,,
Random Forest Classifier,Classificacao,0.9816564758199,1.0,0.9422066549912436,0.9702434625789,,,
Regressao Linear,Regressao (NO2),,,,,5.114809595825909,6.716574051692617,0.7162058037607992
Random Forest Regressor,Regressao (NO2),,,,,5.358155017301039,6.884418383446716,0.701844787517423
